store,title,price,rating,image,description,link
Amazon,"Smart Watch(Answer/Make Call), 1.85"" Smartwatch for Men Women IP68 Waterproof, 100+ Sport Modes Fitness Activity Tracker, Heart Rate Sleep Monitor, Pedometer, Smart Watches for Android iOS, 2023",$29.99,,https://m.media-amazon.com/images/I/71qoQVetqhL.__AC_SX300_SY300_QL70_ML2_.jpg,"Bluetooth Call and Message Reminder: The smart watch is equipped with HD speaker, after connecting to your phone via Bluetooth, you can directly use the smartwatches to answer or make calls, read messages, store contacts, view call history. The smartwatch can set up more message notifications in GloryFit APP. You will never miss any calls and messages during meetings, workout and riding.
1.85"" Touch Screen and DIY Watch Faces: Smart watch with 1.85"" HD full touch color screen brings you a unique visual and better interactive experience. Four levels of brightness options allow you to easily read information in the sun or dark. Fitness smart watch has 200+ free watch faces that can be downloaded and used in the app. In addition, you can also select your favorite photo as a wallpaper in the watch.
All-day Health Monitoring: This smartwatch has advanced sensors that helps you detect real-time heart rate throughout the day. And it will monitor your sleep status automatically and provides comprehensive sleep quality analysis. Synchronized to the app, you can also get more health details through the ""GloryFit"". Wear your P66D Smart Watch correctly, not too tight nor too loose, leaving the skin room to breathe. This way not only do you feel comfortable, but the sensors also work properly.
100+ Sports Modes and IP68 Waterproof: Sports smart watch can provide 100+ exercise modes, such as running, yoga, jumping jack, sit-ups, etc. During your exercise, it will record your data like heart rate, steps, calories burned, distance and active hours in real time. The fitness tracker is IP68 waterproof so you can wear it during outdoor activities, rainy day, washing hand.
Long Battery Life and Multi-Functions: Smart watch for men women has a built-in large capacity battery, which can be fully charged in 2 hours, can be used for up to 7 days and has a long standby time of about 30 days. Smart watches and ""GloryFit"" app have many practical tools, such as weather forecasts, stopwatch, timer, music control/ play, adjustable brightness, find phone/ watch, breathing training, smart alarm clock, camera control, women health, sedentary reminder, ect.",https://www.amazon.com/Smartwatch-Waterproof-Fitness-Activity-Pedometer/dp/B0C89CK95W/ref=sr_1_3?dib=eyJ2IjoiMSJ9.LcpaTMV58JaXiITBbVjuu33T_Evec5xHYZSRcn689tdTKTRj7bvUa-iDm7c-5JXAyXwOtiQuVaNWK9WAPp_m1H0cSS9u6uDw19av61x7w1aP4cI5ZsnTgFHbN5ayd5x-P2nbcTBSHrKL-71zs1WB6MXs_sp92SbRnFYeO2WnwfNLFImA2Py2Sf4Ds5qG0cXTZj1r9KHUxbcvrVtzRlY_8rrUjNuTSa1466HivkPDWd0.FIH4TgdZmP71cPSGslrbnOeGr_yHE0BLYhHgcKHVZM0&dib_tag=se&keywords=smart-watches&qid=1713190104&sr=8-3
Amazon,"Garmin 010-02427-01 Venu Sq, GPS Smartwatch with Bright Touchscreen Display, Up to 6 Days of Battery Life, Light Gold and White",$129.99,4.4,https://m.media-amazon.com/images/I/71dxG5vHYcL.__AC_SX300_SY300_QL70_ML2_.jpg,"Fits wrists with a circumference of 125-190 mm.Supported Application:GPS. Connectivity technology:GPS. Wireless comm standard:Bluetooth
Get an uninterrupted picture of your health with up to 6 days of battery life in smartwatch mode
Up to 14 hours of battery life in GPS mode
Find new ways to keep moving with more than 20 preloaded sports apps, including walking, running, cycling, mindful breathing, swimming, golf and many more
Use preloaded workouts that include cardio, yoga, strength and even Pilates, create your own in the Garmin Connect app (requires app on a compatible smartphone)
Never miss a call, text or social media alert with smart notifications delivered right to your wrist (when paired with a compatible smartphone)
Leave your cash and cards at home; Garmin Pay contactless payments (with a supported payment network) let you pay for purchases on the go",https://www.amazon.com/Garmin-Smartwatch-Touchscreen-Display-010-02427-01/dp/B08FRPT1KK/ref=sr_1_20?dib=eyJ2IjoiMSJ9.LcpaTMV58JaXiITBbVjuu33T_Evec5xHYZSRcn689tdTKTRj7bvUa-iDm7c-5JXAyXwOtiQuVaNWK9WAPp_m1H0cSS9u6uDw19av61x7w1aP4cI5ZsnTgFHbN5ayd5x-P2nbcTBSHrKL-71zs1WB6MXs_sp92SbRnFYeO2WnwfNLFImA2Py2Sf4Ds5qG0cXTZj1r9KHUxbcvrVtzRlY_8rrUjNuTSa1466HivkPDWd0.FIH4TgdZmP71cPSGslrbnOeGr_yHE0BLYhHgcKHVZM0&dib_tag=se&keywords=smart-watches&qid=1713190104&sr=8-20
Amazon,"Smart Watch for Women Alexa Built-in, 1.95"" Fitness Tracker with Answer/Make Calls, IP68 Waterproof/Heart Rate/Sleep Tracker/100 Sport Modes, Fitness Watch Compatible Android iOS",$29.95,Deal is no longer available.,https://m.media-amazon.com/images/I/6105amhSy4L.__AC_SX300_SY300_QL70_ML2_.jpg,"[Alexa Built-in] Enjoy the convenience of Alexa on your wrist! With TOOBUR's smart watch, you can control your smart home devices, set reminders,get weather updates and more all from your wrist. Simply download the ""VeryFit"" app from the App Store, connect to your watch via Bluetooth, and enjoy the convenience of Alexa on your smartwatch.
[Stay connected on-the-go] Simplify your daily routine by managing your calls and messages in one place. With Bluetooth compatibility, the TOOBUR smartwatch allows you to make and receive phone calls, you can also receive social media, E-mail and SMS notification right on your wrist, you will never miss an important message or notification. keeping you connected while you're on-the-go.Please note that this product cannot reply to messages!
[Activity & FitnessTracker] Track your health and fitness goals with the TOOBUR fitness & activity tracker. The fitness watch can monitor your heart rate, and stress levels in real-time, and alert you if anything is abnormal. With over 100 different sports modes, the activity tracker allows you to easily track your steps, calories burned, distance, speed and with an IP68 waterproof, the watch is perfect for swimming and any activity. Get yours now and start tracking your progress!
[A Good Sleep is All You Need] Get a better night's sleep with TOOBUR's sleep tracker.The smartwatch monitors your sleep in three different modes - REM, light, and deep sleep. The data is sent to the ""VeryFit"" app, which provides you with insights and tips to improve your sleep quality. Use this feature to improve your overall sleep habits and wake up feeling refreshed.Please note that more than 3 hours of sleep is required to be recorded by the test. Long-term wear is recommended!
[Long Battery Life] Experience uninterrupted smart living with TOOBUR smartwatch's long battery life. With up to 30 days of standby time, 20 days in power saving mode, and 7-10 days of daily usage, you can wear your smartwatch without worrying about frequent charging. And it only takes 2.5 hours to fully charge, allowing you to spend more time enjoying the benefits of a watch and less time worrying about battery life.Please note that the exact duration of use will vary with the frequency of use.
[1.95'' HD Screen & Customizable Watch Face] Experience crystal-clear visuals like never before with our smartwatch's 1.95-inch high definition screen. Choose from 100 beautiful cloud-based watch faces or even upload your own photos, such as selfies or pictures of your pets, to create a truly personalized look. With endless possibilities, you'll never run out of options to make your watch truly your own.",https://www.amazon.com/TOOBUR-Fitness-Tracker-Waterproof-Compatible/dp/B0C4GN5QZ1/ref=sr_1_6?dib=eyJ2IjoiMSJ9.LcpaTMV58JaXiITBbVjuu33T_Evec5xHYZSRcn689tdTKTRj7bvUa-iDm7c-5JXAyXwOtiQuVaNWK9WAPp_m1H0cSS9u6uDw19av61x7w1aP4cI5ZsnTgFHbN5ayd5x-P2nbcTBSHrKL-71zs1WB6MXs_sp92SbRnFYeO2WnwfNLFImA2Py2Sf4Ds5qG0cXTZj1r9KHUxbcvrVtzRlY_8rrUjNuTSa1466HivkPDWd0.FIH4TgdZmP71cPSGslrbnOeGr_yHE0BLYhHgcKHVZM0&dib_tag=se&keywords=smart-watches&qid=1713190104&sr=8-6
Amazon,"TOZO S5 Smart Watch (Answer/Make Calls), 1.43‚Äô‚Äô AMOLED Smart Watches for Men Women 100+ Sport Modes Fitness Watch with Blood Oxygen/Sleep/Heart Rate Monitor, IP68 Waterproof Smartwatch Black",,4.8,https://m.media-amazon.com/images/I/71xm+PqBsYL._AC_SY300_SX300_.jpg,,https://www.amazon.com/TOZO-S5-Watches-Waterproof-Smartwatch/dp/B07KY8MQGT/ref=sr_1_4?dib=eyJ2IjoiMSJ9.LcpaTMV58JaXiITBbVjuu33T_Evec5xHYZSRcn689tdTKTRj7bvUa-iDm7c-5JXAyXwOtiQuVaNWK9WAPp_m1H0cSS9u6uDw19av61x7w1aP4cI5ZsnTgFHbN5ayd5x-P2nbcTBSHrKL-71zs1WB6MXs_sp92SbRnFYeO2WnwfNLFImA2Py2Sf4Ds5qG0cXTZj1r9KHUxbcvrVtzRlY_8rrUjNuTSa1466HivkPDWd0.FIH4TgdZmP71cPSGslrbnOeGr_yHE0BLYhHgcKHVZM0&dib_tag=se&keywords=smart-watches&qid=1713190104&sr=8-4
Amazon,"AMAZTIM Smart Watch, 60 Days Extra-Long Battery, 50M Waterproof, Rugged Military Bluetooth Call(Answer/Dial Calls),1.85"" Ultra Large HD Display, AI Voice Assistant,Compatible for Android and iOS(Red)",$84.99,,https://m.media-amazon.com/images/I/71Q7JMrurtL.__AC_SX300_SY300_QL70_ML2_.jpg,"‚åöùêåùê¢ùê•ùê¢ùê≠ùêöùê´ùê≤-ùêíùê≠ùêöùêßùêùùêöùê´ùêù ùê™ùêÆùêöùê•ùê¢ùê≠ùê≤ - AMAZTIM M2 features 1.85-inch Corning Gorilla screen. which is thick enough to handle a range of screen-breaking behaviors. The TC4 titanium unibody and the exclusive developed two-color silicone rubber is the world's first two-color integration in a smart watch; military-grade materials and fully enclosed design makes it the toughest watch. Successfully passed 12 Military Tests Including salt spray, rain, impact, etc. It can easily face any harsh environment.
‚åöùüìùüéùêå ùêñùêöùê≠ùêûùê´ùê©ùê´ùê®ùê®ùêü /ùêÑùê±ùê≠ùê´ùêûùê¶ùêûùê•ùê≤ ùê´ùêûùê¨ùê¢ùê¨ùê≠ùêöùêßùê≠ ùê≠ùê® ùêùùêöùê¶ùêöùê†ùêû - Incredibly strong and corrosion-resistant titanium case has been used to enclose and giving cover, the rugged military grade smart watch with fully enclosed ultra-thin case design can be easily submerged into 50M (IP69K waterproof) deep water. Our durable smartwatch has withstood the extreme conditions and passed drilling, crushing and hot steam washout tests, making our sports watch suitable to use under high temperature and pressure.
‚åöùêàùêßùêùùêÆùê¨ùê≠ùê´ùê≤-ùê•ùêûùêöùêùùê¢ùêßùê† ùêùùêÆùêöùê• ùê¨ùê¶ùêöùê´ùê≠ ùêúùê°ùê¢ùê© -AI Voice Assistant & Answer/Make Calls: A very handy tool built in the watch. Use your voice to give instructions and the voice assistant will do the rest. You can ask questions, play your desired music, and check weather, set alarms and timers. You can also make voice calls through the voice assistant, makes the scenes that are inconvenient to hold a mobile phoneÔºàFor example: drivingÔºâ in daily exercise and life more concise and smart.
‚åöùüîùüé+ ùêÉùêöùê≤ùê¨ ùê¨ùêÆùê©ùêûùê´ ùêõùêöùê≠ùê≠ùêûùê´ùê≤ ùê•ùê¢ùêüùêû - AMAZTIM M2 is equipped with 100% pure cobalt-based battery (military grade) ensuring optimal performance and longevity, twice as much as that of conventional smartwatches. At the same time, a super power-saving AI algorithm breaking the industry is adopted to minimize power consumption, enough to last up to 2 weeks under normal use, and can continue to use sports mode, health index measurement, and other functions for up to 60+ days in power-saving mode.
‚åöùêáùêûùêöùê•ùê≠ùê° ùêåùê®ùêßùê¢ùê≠ùê®ùê´ùê¢ùêßùê† /ùüïùüé ùêÑùê±ùêûùê´ùêúùê¢ùê¨ùêû ùêåùê®ùêùùêûùê¨ - AMAZTIM M2 collects health data with its advanced real-time monitoring function. helps you monitor All-day sleep,24-hour heart rate, and real-time blood oxygen. The fitness band includes a pedometer to keep track of the calories burned throughout the day. Supports up to 70 sports modes and 6 Intelligent Sports Recognition, AMAZTIM M2 smart watch collects data with pinpoint precision and accuracy, ensuring that every workout is counted.",https://www.amazon.com/sspa/click?ie=UTF8&spc=MTo4ODcwMDMzNTczOTM0MTA1OjE3MTMxOTAxMDQ6c3BfbXRmOjIwMDEzMTkzNDAwMzM5ODo6MDo6&url=%2FAMAZTIM-Extra-Long-Waterproof-Bluetooth-Assistant%2Fdp%2FB0BS3TZHBV%2Fref%3Dsr_1_7_sspa%3Fdib%3DeyJ2IjoiMSJ9.LcpaTMV58JaXiITBbVjuu33T_Evec5xHYZSRcn689tdTKTRj7bvUa-iDm7c-5JXAyXwOtiQuVaNWK9WAPp_m1H0cSS9u6uDw19av61x7w1aP4cI5ZsnTgFHbN5ayd5x-P2nbcTBSHrKL-71zs1WB6MXs_sp92SbRnFYeO2WnwfNLFImA2Py2Sf4Ds5qG0cXTZj1r9KHUxbcvrVtzRlY_8rrUjNuTSa1466HivkPDWd0.FIH4TgdZmP71cPSGslrbnOeGr_yHE0BLYhHgcKHVZM0%26dib_tag%3Dse%26keywords%3Dsmart-watches%26qid%3D1713190104%26sr%3D8-7-spons%26sp_csd%3Dd2lkZ2V0TmFtZT1zcF9tdGY%26psc%3D1
Amazon,"AGPTEK Smart Watch for Women, Smartwatch for Android and iOS Phones IP68 Waterproof Activity Tracker with Full Touch Color Screen Heart Rate Monitor Pedometer Sleep Monitor, Pink",$43.99,,https://m.media-amazon.com/images/I/616suF7t8aL.__AC_SX300_SY300_QL70_ML2_.jpg,"„ÄêYour Watch, Your Style„Äë1.3""/33mm display screen covered with a rose gold metal frame (NOTE: the size of the whole watch face is 1.81""/46 mm), so elegant and nice, but sturdy and anti-scratch. The smart watch contains 5 readily available dials or another 50+ dials within the app. You can also customize your watch faces. It can be any photo, such as your family, pet, etc. NOTE: THE WATCH DO NOT SUPPORT MAKE CALLS and MESSAGES.
„ÄêYour Personal Smart Assistant„ÄëActivity tracker (pedometer, calories, distance), heart rate, various sport modes, sleep monitoring., etc. Get notifications of Call, SMS, and APP messages(Please keep the Bluetooth distance within 10m), remote control of music and cameras, weather report, sedentary reminder, alarm clock, stopwatch, call rejection, brightness adjustment, power-saving mode, and other functions to meet your daily needs. If you meet any questions, don't hesitate to contact us!
„ÄêLong Battery & IP68 Waterproof„ÄëThe smartwatch only takes 2 hours to charge and can be used for 7-10 days or 30 days standby time, much longer than most traditional watches. The fitness watch is IP68 waterproof, you can wear it when washing hands, in the rain(Note: Do Not use in showers, saunas, etc).
„ÄêSafe Guard Your Health„ÄëAdvanced HR sensor for accurate and effective heart rate monitoring, helping you better understand your health and making a reasonable adjustment to your lifestyle. Automatic sleep tracking can monitor your sleep status (deep sleep, shallow sleep, awakening) and provide a comprehensive sleep quality analysis to help become healthier. You can view the summary of your status in the fitcloudpro APP.
„ÄêOvertake Your Expectations„ÄëThe AGPTEK smart watch is compatible with most iOS 9.0 & Android 5.0 or higher smart phones version to notify you of call, text, email, calendar, and app notifications. The package includes:AGPTEK Smart Watch*1, Watch Strap*1, Magnetic Charger*1,User Manual*1. If your have any problem, please feel free to contact our customer service via your amazon account.",https://www.amazon.com/AGPTEK-Waterproof-Smartwatch-Activity-Pedometer/dp/B08HMRY8NG/ref=sr_1_16?dib=eyJ2IjoiMSJ9.LcpaTMV58JaXiITBbVjuu33T_Evec5xHYZSRcn689tdTKTRj7bvUa-iDm7c-5JXAyXwOtiQuVaNWK9WAPp_m1H0cSS9u6uDw19av61x7w1aP4cI5ZsnTgFHbN5ayd5x-P2nbcTBSHrKL-71zs1WB6MXs_sp92SbRnFYeO2WnwfNLFImA2Py2Sf4Ds5qG0cXTZj1r9KHUxbcvrVtzRlY_8rrUjNuTSa1466HivkPDWd0.FIH4TgdZmP71cPSGslrbnOeGr_yHE0BLYhHgcKHVZM0&dib_tag=se&keywords=smart-watches&qid=1713190104&sr=8-16
Amazon,"Smart Watch for Men Women, 1.85"" Smartwatch (Answer/Make Call), IP68 Waterproof Fitness Tracker, 100+ Sport Modes, Heart Rate Monitor, Sleep Monitor, Pedometer, Smartwatches for Android iOS, Black",$29.99,Deal is no longer available.,https://m.media-amazon.com/images/I/71eM8xOaq6L.__AC_SX300_SY300_QL70_ML2_.jpg,"Make/Answer Calls & Read Message: The T50S smart watch is equipped with built-in HD speaker, after connecting to your smartphone via Bluetooth, you can directly use the smartwatch to answer or make calls. And it supports multiple smart reminders, including text, SNS messages (Facebook, WhatsApp, Instagram, Twitter, etc), daily reminder, etc. All notifications are displayed on your smartwatches and reminded by vibration, so that you will never miss any important information.
1.85'' HD Touch Screen & 200+ DIY Watch Faces: This womens smart watch is equipped with a 1.85"" HD full touch color screen, delivering highly responsive touch, which can bring you a unique visual and better interactive experience. With the companion GloryFit app, you can download more than 200 free personalised watch faces and set it as your desktop. In addition, you can also select your favorite photo like family, selfie, pets photo, landscape photo, your car as a wallpaper in your smart watch.
24-Hour Health Monitoring: The fitness tracker is equipped with high-performance optical sensors that will record your all day activities. Fitness watch accurately monitors your heart rate in real time and it will monitor your sleep status automatically. You can view a week's worth of health reports in app. Wear your T50S smart watch correctly, not too tight nor too loose, leaving the skin room to breathe. This way not only do you feel comfortable, but the sensors also work properly.
100+ Sports Modes & IP68 Waterproof: The activity tracker supports 100+ sports modes, including Running, Walking, Hiking, Basketball, Boating, Climbing, Cycling, Fitness, Football and so on. During your exercise, it will record your data like heart rate, steps, calories burned, distance in real time. Sport watch is IP68 waterproof rating, ensuring worry-free use even while washing hands, face, or engaging in sweaty activities. However, it is not recommended for use in hot water or seawater.
Long Battery Life & Multifunctional: The smartwatches with a built-in large-capacity battery, which allows it to last about 5-7 days for daily use, and has a long standby time of about 30 days. Actual usage time is related to the user's usage. The mens smart watch is compatible with iOS 9.0 and Android 7.0 and above devices, it has multiple functions such as timer, stopwatch, alarm clock, sedentary reminder, music control, weather forecast, brightness adjustment, photo control, calculator, etc.",https://www.amazon.com/sspa/click?ie=UTF8&spc=MTo3MDc4ODU2MzM4ODU3MTA1OjE3MTMxOTAxMDQ6c3Bfc2VhcmNoX3RoZW1hdGljOjMwMDEwOTQwMjUwNjcwMjo6MTo6&url=%2FSmartwatch-Waterproof-Fitness-Pedometer-Smartwatches%2Fdp%2FB0CL96GHCW%2Fref%3Dsxin_16_pa_sp_search_thematic_sspa%3Fcontent-id%3Damzn1.sym.4dc3d3f0-ccc1-4471-85ca-232a9eff77d1%253Aamzn1.sym.4dc3d3f0-ccc1-4471-85ca-232a9eff77d1%26cv_ct_cx%3Dsmart-watches%26dib%3DeyJ2IjoiMSJ9.h8nquBhpvSheHn7bW4u2DTEmaHfjFKLxaPQLBFNa0nGRTLa1383d7SufT5j8rfeA5R-MKwtupKrO_eZhgZjJAA.w4Q6cK1DKiqYkEkzNvYljVl12ECvqCc4nhFRZ5wMguE%26dib_tag%3Dse%26keywords%3Dsmart-watches%26pd_rd_i%3DB0CL96GHCW%26pd_rd_r%3D508a355f-e9f0-410c-b997-a720e8c725c9%26pd_rd_w%3DsRKcy%26pd_rd_wg%3DcoIS0%26pf_rd_p%3D4dc3d3f0-ccc1-4471-85ca-232a9eff77d1%26pf_rd_r%3DE925GP3P9NQBPN75N1CJ%26qid%3D1713190104%26sbo%3DTc8eqSFhUl4VwMzbE4fw%252Fw%253D%253D%26sr%3D1-2-22b99f6c-9d79-4634-962b-718698cdc411-spons%26sp_csd%3Dd2lkZ2V0TmFtZT1zcF9zZWFyY2hfdGhlbWF0aWM%26psc%3D1
Amazon,"Smart Watch for Men Women, 1.85"" Smartwatch (Answer/Make Call), IP68 Waterproof Fitness Tracker, 100+ Sport Modes, Heart Rate Monitor, Sleep Monitor, Pedometer, Smartwatches for Android iOS, Black",$29.99,Deal is no longer available.,https://m.media-amazon.com/images/I/71eM8xOaq6L.__AC_SX300_SY300_QL70_ML2_.jpg,"Make/Answer Calls & Read Message: The T50S smart watch is equipped with built-in HD speaker, after connecting to your smartphone via Bluetooth, you can directly use the smartwatch to answer or make calls. And it supports multiple smart reminders, including text, SNS messages (Facebook, WhatsApp, Instagram, Twitter, etc), daily reminder, etc. All notifications are displayed on your smartwatches and reminded by vibration, so that you will never miss any important information.
1.85'' HD Touch Screen & 200+ DIY Watch Faces: This womens smart watch is equipped with a 1.85"" HD full touch color screen, delivering highly responsive touch, which can bring you a unique visual and better interactive experience. With the companion GloryFit app, you can download more than 200 free personalised watch faces and set it as your desktop. In addition, you can also select your favorite photo like family, selfie, pets photo, landscape photo, your car as a wallpaper in your smart watch.
24-Hour Health Monitoring: The fitness tracker is equipped with high-performance optical sensors that will record your all day activities. Fitness watch accurately monitors your heart rate in real time and it will monitor your sleep status automatically. You can view a week's worth of health reports in app. Wear your T50S smart watch correctly, not too tight nor too loose, leaving the skin room to breathe. This way not only do you feel comfortable, but the sensors also work properly.
100+ Sports Modes & IP68 Waterproof: The activity tracker supports 100+ sports modes, including Running, Walking, Hiking, Basketball, Boating, Climbing, Cycling, Fitness, Football and so on. During your exercise, it will record your data like heart rate, steps, calories burned, distance in real time. Sport watch is IP68 waterproof rating, ensuring worry-free use even while washing hands, face, or engaging in sweaty activities. However, it is not recommended for use in hot water or seawater.
Long Battery Life & Multifunctional: The smartwatches with a built-in large-capacity battery, which allows it to last about 5-7 days for daily use, and has a long standby time of about 30 days. Actual usage time is related to the user's usage. The mens smart watch is compatible with iOS 9.0 and Android 7.0 and above devices, it has multiple functions such as timer, stopwatch, alarm clock, sedentary reminder, music control, weather forecast, brightness adjustment, photo control, calculator, etc.",https://www.amazon.com/Smartwatch-Waterproof-Fitness-Pedometer-Smartwatches/dp/B0CL96GHCW/ref=sr_1_8?dib=eyJ2IjoiMSJ9.LcpaTMV58JaXiITBbVjuu33T_Evec5xHYZSRcn689tdTKTRj7bvUa-iDm7c-5JXAyXwOtiQuVaNWK9WAPp_m1H0cSS9u6uDw19av61x7w1aP4cI5ZsnTgFHbN5ayd5x-P2nbcTBSHrKL-71zs1WB6MXs_sp92SbRnFYeO2WnwfNLFImA2Py2Sf4Ds5qG0cXTZj1r9KHUxbcvrVtzRlY_8rrUjNuTSa1466HivkPDWd0.FIH4TgdZmP71cPSGslrbnOeGr_yHE0BLYhHgcKHVZM0&dib_tag=se&keywords=smart-watches&qid=1713190104&sr=8-8
Amazon,"Fossil Gen 6 44mm Touchscreen Smart Watch for Men with Alexa Built-In, Fitness Tracker, Activity Tracker, Sleep Tracker, GPS, Speaker, Music Control, Smartphone Notifications",,$167.99,https://m.media-amazon.com/images/I/712swHvvx1L.__AC_SX300_SY300_QL70_ML2_.jpg,,https://www.amazon.com/Fossil-Stainless-Steel-Leather-Touchscreen/dp/B09B2XG2RT/ref=sr_1_15?dib=eyJ2IjoiMSJ9.LcpaTMV58JaXiITBbVjuu33T_Evec5xHYZSRcn689tdTKTRj7bvUa-iDm7c-5JXAyXwOtiQuVaNWK9WAPp_m1H0cSS9u6uDw19av61x7w1aP4cI5ZsnTgFHbN5ayd5x-P2nbcTBSHrKL-71zs1WB6MXs_sp92SbRnFYeO2WnwfNLFImA2Py2Sf4Ds5qG0cXTZj1r9KHUxbcvrVtzRlY_8rrUjNuTSa1466HivkPDWd0.FIH4TgdZmP71cPSGslrbnOeGr_yHE0BLYhHgcKHVZM0&dib_tag=se&keywords=smart-watches&qid=1713190104&sr=8-15
Amazon,Smart Watch Full Touch Smart Watches for Android iOS Phones Compatible (Answer/Make Call) Smart Fitness Tracker Watch for Women Man Waterproof Smartwatch with Sleep/Heart Rate/sports/Step (Black),$25.99,$25.99,https://m.media-amazon.com/images/I/61rhZ1bjQDL.__AC_SX300_SY300_QL70_ML2_.jpg,"Smart Activity Tracking WatchÔºöSmart watch 8 built-in sport modes for the activity of your choice.It tracks things like heart rate, calories burned, and assesses professional data like maximal oxygen uptake, full recovery time, training load, and training effectiveness .
Smart Watch with Text and CallÔºöNew design smartwatch in 2024 can be connected to Bluetooth to receive/make calls and Messages, SMS, Facebook, Whatsapp etc(Can't write text messages). notification in real time, you will never miss important information when your phone is not around.
1.7''HD Full Touch Screen:The smart watch uses a 1.7-inch large touch screen color screen with a resolution of 240*280, which can provide better color saturation.Designed with IP67 waterproof rating, it is not afraid of sweat and rain when exercising, and can be worn when swimming or running.
24/7 Health Monitor and Multi-function Watch: This fitness tracking watch has heart rate and blood pressure monitorfunction. It will track your health throughout the day, such as sleep data, heart rate, SpO2. and it also has sedentary and drinking water reminder alarm clock etc. You can live a healthier and more active life with this smart watch for women men.
130+ Watch Face and 7-Day Battery Life: The smartwatch has150+ different styles of UI to choose from, You can also set your favorite photos in your phone as the dial.This smartwatch features a 230mAh battery that lasts up to 7 days under normal usage, keeping you safe on the go and tracking your progress.",https://www.amazon.com/Watches-Android-Compatible-Waterproof-Smartwatch/dp/B0B4J8KZJZ/ref=sr_1_9?dib=eyJ2IjoiMSJ9.LcpaTMV58JaXiITBbVjuu33T_Evec5xHYZSRcn689tdTKTRj7bvUa-iDm7c-5JXAyXwOtiQuVaNWK9WAPp_m1H0cSS9u6uDw19av61x7w1aP4cI5ZsnTgFHbN5ayd5x-P2nbcTBSHrKL-71zs1WB6MXs_sp92SbRnFYeO2WnwfNLFImA2Py2Sf4Ds5qG0cXTZj1r9KHUxbcvrVtzRlY_8rrUjNuTSa1466HivkPDWd0.FIH4TgdZmP71cPSGslrbnOeGr_yHE0BLYhHgcKHVZM0&dib_tag=se&keywords=smart-watches&qid=1713190104&sr=8-9
Amazon,"SAMSUNG Galaxy Watch 4 40mm Smartwatch with ECG Monitor Tracker for Health, Fitness, Running, Sleep Cycles, GPS Fall Detection, Bluetooth, US Version, SM-R860NZKAXAA, Black",$169.99,,https://m.media-amazon.com/images/I/61IZmXci7qS.__AC_SY300_SX300_QL70_ML2_.jpg,"BODY COMPOSITION ANALYSIS: Galaxy Watch4 is the first smartwatch to off body composition data right on your wrist, On your own schedule, now you can get readings on body fat, skeletal muscle, body water, basal metabolic rate, and Body Mass Index.Supported Application:Heart Rate Monitor,Sleep Monitor,Fitness Tracker. Connectivity technology:LTE,Bluetooth,GPS. Wireless comm standard:Bluetooth
BETTER SLEEP STARTS HERE: Wake up feeling refreshed and recharged with advanced sleep tracking; When you go to bed, your Galaxy Watch4 sleep tracker starts monitoring your sleep and SpO2 levels continuously
BE SMART ABOUT YOUR HEART: Take care of your heart with accurate ECG monitoring and keep an eye on possible atrial fibrillation, a common form of irregular heart rhythm; Share personalized readings with your doctor using the Samsung Health Monitor app on your compatible Galaxy phone
MAKE EVERY WORKOUT COUNT: Get the most out of every exercise session with advanced workout tracking that recognizes 6 popular activities, from running to rowing to swimming, automatically in just 3 minutes; Stay motivated by connecting to live coaching sessions via your smartphone or to dynamic Group Challenges with your friends
GO THE EXTRA MILE: Improve your runs with advanced running coaching technology; VO2 Max readings assess your oxygen levels to manage and track your heart and lung endurance
EXTENSION OF YOUR PHONE: Put the phone features you need right on your wrist and stay connected to calls, texts, notifications, and music streaming, all accessible with a simple tap
GOOGLE ON YOUR WRIST: Tap into the power and convenience of select Google services and apps right from your wrist; Pay for coffee; Get directions to the park; Use Bixby or Google Assistant for help on almost any topic; Stream your favorite tunes on YouTube",https://www.amazon.com/sspa/click?ie=UTF8&spc=MTo4ODcwMDMzNTczOTM0MTA1OjE3MTMxOTAxMDQ6c3BfYnRmOjIwMDA1NDc3Mjk4Mjk5ODo6MDo6&url=%2FSamsung-Electronics-Smartwatch-Detection-Bluetooth%2Fdp%2FB096BJLZZM%2Fref%3Dsr_1_22_sspa%3Fdib%3DeyJ2IjoiMSJ9.LcpaTMV58JaXiITBbVjuu33T_Evec5xHYZSRcn689tdTKTRj7bvUa-iDm7c-5JXAyXwOtiQuVaNWK9WAPp_m1H0cSS9u6uDw19av61x7w1aP4cI5ZsnTgFHbN5ayd5x-P2nbcTBSHrKL-71zs1WB6MXs_sp92SbRnFYeO2WnwfNLFImA2Py2Sf4Ds5qG0cXTZj1r9KHUxbcvrVtzRlY_8rrUjNuTSa1466HivkPDWd0.FIH4TgdZmP71cPSGslrbnOeGr_yHE0BLYhHgcKHVZM0%26dib_tag%3Dse%26keywords%3Dsmart-watches%26qid%3D1713190104%26sr%3D8-22-spons%26sp_csd%3Dd2lkZ2V0TmFtZT1zcF9idGY%26psc%3D1
Amazon,"Smart Watch for Men Women,Alexa Built-in Smartwatch(Answer/Make Calls),1.83"" HD Fitness Tracker,IP68 Waterproof 100+ Sport Mode Activity Tracker,Heart Rate SpO2 Sleep Monitor,iOS Android Compatible",$49.99,$49.99,https://m.media-amazon.com/images/I/61IvRwij2-L.__AC_SX300_SY300_QL70_ML2_.jpg,"[Bluetooth Call Smart Watch & Smart Notification] Faweio smart watch for men women has a built-in microphone and speaker. After connecting with ""Veryfit"" app via Bluetooth, you can use this bluetooth smart watch to easily answer/make calls, store contacts, view call records. Meanwhile,you can receive message notifications and read them from your phone and watch, such as Facebook, Messenger, Instagram, Gmail, Whatsapp, Twitter etc.
[Alexa Built-in Wrist Watch] This newly upgraded smartwatch is with built-in Alexa for voice assistant. You can ask Alexa to check news, weather, set an alarm, control smart home devices like lights, air conditioning. With Alexa built-in watch on your wrist, you will get a personal voice assistant anywhere.
[24/7 Health Monitor] This health tracker with heart rate & SpO2 monitor will record your all day activities. This watch designs as female-friendly ones as its cycle tracking function. As a smart helper,it also works as a drink reminder, stress tester,breathe coach,guard your health from all aspects.
[IP68 Waterproof & 100+ Sports Fitness Tracker] Faweio smartwatch supports more than 100 sports modes, such as walking, running, climbing, cycling, swimming, plank, yoga, boxing and golf, recording your workout including calories burned, steps, distance, and workout time, generate reports after your exercising. With IP68 waterproof rating, this fitness wrist watch enables you to use this smartwatch casually, even you swim, wash your hands or exercise when it rains.
[1.83'' DIY Screen & Multifunctional Watch] 1.83"" HD touch screen digital watch provides a clearer and more comfortable visual experience. More than 100 kinds of dials for you to choose from, you can even customize your watch dail according to your mood and dressing. The fitness tracker watch has a lot of useful functions such as alarm clock, stopwatch, music/camera control, weather, torch, locate your phone and more.
[Multipal Compatibility & 300 mAh Long Life Battery Watch] Faweio smart watches are compatible with all mainstream systems,such as Android 6.0 and iOS 9.0 and above.With 300 mAh built-in rechargeable battery,once fully charged,this smartwatch for iphone/Android compatible could last 7 days in using,20 days for power saving mode and 30 days on standby mode.",https://www.amazon.com/sspa/click?ie=UTF8&spc=MTo3MDc4ODU2MzM4ODU3MTA1OjE3MTMxOTAxMDQ6c3Bfc2VhcmNoX3RoZW1hdGljOjMwMDE0NjcxMDcxODUwMjo6MDo6&url=%2FSmartwatch-Fitness-Waterproof-Activity-Compatible%2Fdp%2FB0CTK41Y8X%2Fref%3Dsxin_16_pa_sp_search_thematic_sspa%3Fcontent-id%3Damzn1.sym.4dc3d3f0-ccc1-4471-85ca-232a9eff77d1%253Aamzn1.sym.4dc3d3f0-ccc1-4471-85ca-232a9eff77d1%26cv_ct_cx%3Dsmart-watches%26dib%3DeyJ2IjoiMSJ9.h8nquBhpvSheHn7bW4u2DTEmaHfjFKLxaPQLBFNa0nGRTLa1383d7SufT5j8rfeA5R-MKwtupKrO_eZhgZjJAA.w4Q6cK1DKiqYkEkzNvYljVl12ECvqCc4nhFRZ5wMguE%26dib_tag%3Dse%26keywords%3Dsmart-watches%26pd_rd_i%3DB0CTK41Y8X%26pd_rd_r%3D508a355f-e9f0-410c-b997-a720e8c725c9%26pd_rd_w%3DsRKcy%26pd_rd_wg%3DcoIS0%26pf_rd_p%3D4dc3d3f0-ccc1-4471-85ca-232a9eff77d1%26pf_rd_r%3DE925GP3P9NQBPN75N1CJ%26qid%3D1713190104%26sbo%3DRZvfv%252F%252FHxDF%252BO5021pAnSA%253D%253D%26sr%3D1-1-22b99f6c-9d79-4634-962b-718698cdc411-spons%26sp_csd%3Dd2lkZ2V0TmFtZT1zcF9zZWFyY2hfdGhlbWF0aWM%26psc%3D1
Amazon,"Smart Watch for Men and Women - Alexa Built-in Smartwatch with Heart Rate, Sleep and Blood Oxygen Monitor,24/7 Heart Rate Auto Image Correction, Portable Smartwatch Dynaudio Speakers",$39.99,$39.99,https://m.media-amazon.com/images/I/71oM+R9n1kL._AC_SY300_SX300_.jpg,"üìûMake/Answer Call - After connecting to your phone via Bluetooth, you can answer/make clear calls directly from your smart watches for men. You won't miss important calls from your lover/friend while you're working out or driving.
üíñ24/7 Health Monitoring - activity trackers and smartwatches records your daily steps, distance, calorie consumption,and features advanced sensors to monitor heart rate, blood oxygen levels, and sleep patterns. All recorded data can be synced to your phone for analysis.
‚åö1.8'' HD Screen & 100+ Watch Faces - The smartwatch boasts a large 1.8-inch full touch color screen, delivering exceptional picture quality and highly responsive touch sensitivity, all while being resistant to scratches. With an extensive collection of over 100 watch faces to choose from, you can personalize your men's or women's watch by selecting your favorite photo as the dial.
üèÉ100+ Sports Modes & Water Resistant - The Hoowel fitness tracker supports over 100 sports modes such as swimming, running, rock climbing, and yoga, keeping track of exercise time and calories burned to help you maintain a healthy balance between activity and rest. It has an IP68 waterproof rating, so you don't have to worry about washing your hands, face or even sweating when using it.
üîã30-Day Long Standby Time - The fitness watch lasts about 7-10 days of daily use and can reach up to 30 days of standby time. The Hoowel smartwatch is compatible with most Android and iOS phones. You can quickly charge it with the included magnetic charging cable while also setting the brightness, ringer, and wake function on/off.",https://www.amazon.com/sspa/click?ie=UTF8&spc=MTo3MDc4ODU2MzM4ODU3MTA1OjE3MTMxOTAxMDQ6c3Bfc2VhcmNoX3RoZW1hdGljOjMwMDE2NzA0NDU0MTEwMjo6Mjo6&url=%2FHoowel-Smart-Watch-Women-Built%2Fdp%2FB0CDQBL66P%2Fref%3Dsxin_16_pa_sp_search_thematic_sspa%3Fcontent-id%3Damzn1.sym.4dc3d3f0-ccc1-4471-85ca-232a9eff77d1%253Aamzn1.sym.4dc3d3f0-ccc1-4471-85ca-232a9eff77d1%26cv_ct_cx%3Dsmart-watches%26dib%3DeyJ2IjoiMSJ9.h8nquBhpvSheHn7bW4u2DTEmaHfjFKLxaPQLBFNa0nGRTLa1383d7SufT5j8rfeA5R-MKwtupKrO_eZhgZjJAA.w4Q6cK1DKiqYkEkzNvYljVl12ECvqCc4nhFRZ5wMguE%26dib_tag%3Dse%26keywords%3Dsmart-watches%26pd_rd_i%3DB0CDQBL66P%26pd_rd_r%3D508a355f-e9f0-410c-b997-a720e8c725c9%26pd_rd_w%3DsRKcy%26pd_rd_wg%3DcoIS0%26pf_rd_p%3D4dc3d3f0-ccc1-4471-85ca-232a9eff77d1%26pf_rd_r%3DE925GP3P9NQBPN75N1CJ%26qid%3D1713190104%26sbo%3DRZvfv%252F%252FHxDF%252BO5021pAnSA%253D%253D%26sr%3D1-3-22b99f6c-9d79-4634-962b-718698cdc411-spons%26sp_csd%3Dd2lkZ2V0TmFtZT1zcF9zZWFyY2hfdGhlbWF0aWM%26psc%3D1
Amazon,"Samsung Galaxy Watch 6 44mm Smartwatch with HR Zones, Sleep Coaching, Heart Monitor - Graphite",$291.65,,https://m.media-amazon.com/images/I/711f6KLsMaL.__AC_SX300_SY300_QL70_ML2_.jpg,"KEEP YOUR GOALS ON TRACK: Workout to your full potential with fitness tracking* on Galaxy Watch6; Get insights on duration, distance, calories burned and more; Watch recognizes activities from running to swimming and tracks over 90 other exercises
FIND YOUR ZONE: Zone in on the results you want with personalized heart rate zones**; Watch scans your health data to provide HR zones tailored just for you; Target your preferred intensity to maintain the heart rate needed to achieve your goals
SLEEP COACH ON YOUR WRIST: Get the insights to develop better sleep habits with Advanced Sleep Coaching*; Use Watch to plan your bedtime, detect snoring*** and understand and track your sleep stages (awake, light, deep, REM)
ALWAYS-ON HEART MONITORING****: Your Watch continually scans your heart rate to inform you when it‚Äôs detected an irregular rhythm that might be A-fib ‚Äî a heart-related abnormality that can lead to serious complications
KNOW YOUR BODY INSIDE & OUT: Stay in the know about your body with the advanced BIA sensor*****; Use your Watch to get readings on body fat, skeletal muscle, body water, Body Mass Index (BMI) and more*
KEEP CONNECTED ON THE GO: Your Watch syncs with your other Galaxy devices seamlessly so you can play your favorite music, control your smartphone camera, make calls, text and do more from anywhere******
OUR LARGEST WATCH DISPLAY YET: See even more on our largest display yet******* and quickly navigate apps thanks to an improved interface; Plus, durable crystal glass keeps screen looking great and protected from bumps and scratches
MAKE MOVES IN STYLE: Match any mood or style with a wide variety of bands ‚Äî now even easier to swap with one simple click********; Then accent your look with an assortment of new and enhanced Watch faces",https://www.amazon.com/SAMSUNG-Bluetooth-Smartwatch-Personalized-Advanced/dp/B0C797946T/ref=sr_1_5?dib=eyJ2IjoiMSJ9.LcpaTMV58JaXiITBbVjuu33T_Evec5xHYZSRcn689tdTKTRj7bvUa-iDm7c-5JXAyXwOtiQuVaNWK9WAPp_m1H0cSS9u6uDw19av61x7w1aP4cI5ZsnTgFHbN5ayd5x-P2nbcTBSHrKL-71zs1WB6MXs_sp92SbRnFYeO2WnwfNLFImA2Py2Sf4Ds5qG0cXTZj1r9KHUxbcvrVtzRlY_8rrUjNuTSa1466HivkPDWd0.FIH4TgdZmP71cPSGslrbnOeGr_yHE0BLYhHgcKHVZM0&dib_tag=se&keywords=smart-watches&qid=1713190104&sr=8-5
Amazon,"Military Smart Watch, 1.52-Inch Touch Screen Tactical Smartwatch with Text and Call, Heart Rate, Blood Oxygen, and Activity Trackers - Compatible with iPhone and Android, for Men and Women(Black)",$35.99,$35.99,https://m.media-amazon.com/images/I/81woasfZWKL.__AC_SX300_SY300_QL70_ML2_.jpg,"The Military Smart Watch is specifically designed for professional outdoor sports enthusiasts. It is waterproof, shockproof, and dustproof, making it suitable for any rugged environment.
Stay Connected Anywhere: With the ability to make and answer phone calls, as well as receive messages from your phone, you can stay connected even when you're on the go. Never miss an important call or message again.
Comprehensive Fitness Tracker: This smart watch records your steps, calories burned, and distance traveled, helping you stay on top of your fitness goals. It also supports multiple sports modes, including outdoor walking, running, rock climbing, basketball, and swimming.
Advanced Health Monitoring: Monitor your sleep patterns, heart rate, and blood oxygen levels with ease. Stay informed about your health and make better decisions for your well-being.
Built-in Functions for Convenience: The Military Smart Watch comes equipped with a range of built-in functions, including weather forecasts, music control, camera control, calendar, calculator, alarm clock, and phone search. Enjoy the convenience of having all these features on your wrist.",https://www.amazon.com/Military-1-52-Inch-Tactical-Smartwatch-Activity/dp/B0CMTDQJTN/ref=sr_1_18?dib=eyJ2IjoiMSJ9.LcpaTMV58JaXiITBbVjuu33T_Evec5xHYZSRcn689tdTKTRj7bvUa-iDm7c-5JXAyXwOtiQuVaNWK9WAPp_m1H0cSS9u6uDw19av61x7w1aP4cI5ZsnTgFHbN5ayd5x-P2nbcTBSHrKL-71zs1WB6MXs_sp92SbRnFYeO2WnwfNLFImA2Py2Sf4Ds5qG0cXTZj1r9KHUxbcvrVtzRlY_8rrUjNuTSa1466HivkPDWd0.FIH4TgdZmP71cPSGslrbnOeGr_yHE0BLYhHgcKHVZM0&dib_tag=se&keywords=smart-watches&qid=1713190104&sr=8-18
Amazon,"Amazfit Bip 5 Smart Watch, GPS, Bluetooth Calling, 10-Day Battery, Ultra-Large Display, Step Tracking, Heart-Rate Monitoring & VO2 Max, Sleep & Health Monitoring, Alexa Built-In, AI Fitness App(Black)",$79.99,,https://m.media-amazon.com/images/I/61ueYKWLNqL.__AC_SX300_SY300_QL70_ML2_.jpg,"LARGE DISPLAY: The large 1.9 inch high-resolution screen has enhanced color and is easy to read, with anti-fingerprint glass. The face is curved to fit naturally on your wrist for comfort and style.
TRACK STEPS, DISTANCE, CALORIES: Automatically detects and records all your activities and fitness data, from walking, running, treadmill, rowing and more with 120 sports modes.
RELIABLE HEALTH MONITORING: Track heart rate, blood oxygen, stress level monitoring, sleep quality, sedentary reminders, and sleep quality tracking.
FITNESS APP DATA SHARING: Easily connect with Strava, Adidas Running, Apple Health, Google Fit, Relive, Komoot to record and share health, steps and fitness data.
UP TO 30 DAYS OF BATTERY LIFE: 10 days with typical usage, even 30 days in battery saver mode, so you can keep going without stopping to recharge.
70 WATCH FACES: Easily change the look or your watch or information displayed, or add your own custom photo background.
AMAZON ALEXA READY: Set alarms and timers, check the weather, get translations, control your smart home devices, create shopping lists, and more with the Amazon Alexa voice assistant.",https://www.amazon.com/Amazfit-Bluetooth-Calling-Tracking-Monitoring/dp/B0C7GJDZD7/ref=sr_1_11?dib=eyJ2IjoiMSJ9.LcpaTMV58JaXiITBbVjuu33T_Evec5xHYZSRcn689tdTKTRj7bvUa-iDm7c-5JXAyXwOtiQuVaNWK9WAPp_m1H0cSS9u6uDw19av61x7w1aP4cI5ZsnTgFHbN5ayd5x-P2nbcTBSHrKL-71zs1WB6MXs_sp92SbRnFYeO2WnwfNLFImA2Py2Sf4Ds5qG0cXTZj1r9KHUxbcvrVtzRlY_8rrUjNuTSa1466HivkPDWd0.FIH4TgdZmP71cPSGslrbnOeGr_yHE0BLYhHgcKHVZM0&dib_tag=se&keywords=smart-watches&qid=1713190104&sr=8-11
Amazon,"Smart Watch, Fitness Tracker with Heart Rate Monitor, Blood Oxygen, Sleep Tracking, 1.5 Inch Touchscreen Smartwatch for Android iOS Swimming Waterproof Pedometer Step Calories Tracker for Women Men",$19.99,,https://m.media-amazon.com/images/I/61I22cL7v+L._AC_SY300_SX300_.jpg,"Personalized Watch Faces with Practical Tools: The fitness watch for women comes with theme dials and you can personalize the watch face to your liking and customize the display content. Brightness adjustment make you an optiomal experience based on environment change. The smartwatch features practical tools such as stopwatch, timer, music control, breathing training, night mode, alarm clock and wrist up awake, giving more convenience and fun to your life.
Healthy Monitor on Your Wrist: The smartwatch monitors your heart rate in real time and you can view recorded data on the watch or App. Our watch also allows for manual detection of blood oxygen. Besides, the fitness watch tracks your sleep status automatically, including light sleep, deep sleep and awake time, helping you develop healthy sleep habits and improve sleep quality.
Multiple Sport Modes with Waterproof: Our fitness watch is equipped with 10 different sports modes suan as yoga, walking, running, ect, tracking automatically your steps, distance, calorie burn, and activity time. The smartwatch also can track your outdoor workout route if connected with your smartphone's GPS. The sport watch features IP68 waterproof rating, ensuring that it can withstand sweat, hand washing, or rain in daily life, and is also suitable for swimming and diving.
Get Notified on Smartwatches: The smart watch receives incoming call and notifications from SMS, Facebook, Instagram, Whatsapp etc, This helps you stay up-to-date and avoid missing important information. (The watch can not make calls or text back). The watch also has a sedentary reminder function and you can create reminders for drinking water, meetings, dinners, appointments and more in the alarm settings, enjoying a healthier lifestyle and a well-planned schedule.
Long-lasting battery and Extensive Compatibility: The smart watch will take 2 hours to charge and last for up to 7 days of continuous use or 30 days standby time. The watch is compatible with smartphones that run on iOS 10.0 or Android OS 5.0 and have Bluetooth 4.0 or higher. Please note that it is not compatible with tablets or computers.
Gentle Reminders for Users: Please do not wear the watch too tightly to avoid excessive friction may scratch the skin. Make your watch a rest after prolonged use.",https://www.amazon.com/Tracking-Touchscreen-Smartwatch-Waterproof-Pedometer/dp/B0C1GNXTSW/ref=sr_1_13?dib=eyJ2IjoiMSJ9.LcpaTMV58JaXiITBbVjuu33T_Evec5xHYZSRcn689tdTKTRj7bvUa-iDm7c-5JXAyXwOtiQuVaNWK9WAPp_m1H0cSS9u6uDw19av61x7w1aP4cI5ZsnTgFHbN5ayd5x-P2nbcTBSHrKL-71zs1WB6MXs_sp92SbRnFYeO2WnwfNLFImA2Py2Sf4Ds5qG0cXTZj1r9KHUxbcvrVtzRlY_8rrUjNuTSa1466HivkPDWd0.FIH4TgdZmP71cPSGslrbnOeGr_yHE0BLYhHgcKHVZM0&dib_tag=se&keywords=smart-watches&qid=1713190104&sr=8-13
Amazon,"Smart Watch for Men Answer/Make Call for Android iOS, 400mAh Military Smartwatch Heart Rate Blood Oxygen Sleep Monitor Step Counter, 2 Straps,1.39"" HD Waterproof Outdoor Smart Watches Black",$55.99,$55.99,https://m.media-amazon.com/images/I/81PLtzqrKCL.__AC_SX300_SY300_QL70_ML2_.jpg,"„ÄêPowerful Battery Reserve„ÄëThis military sports smartwatch boasts a robust 400mAh battery capacity, providing up to 30 days of standby time and 7-10 days of normal operation. The smartwatch's aluminum alloy casing has undergone various military-grade tests for extreme temperatures, low pressure, dust resistance, and more, ensuring reliable operation in the harshest environments. It's unquestionably your best companion for short outdoor activities and adventures.
„ÄêAdvanced Touch and Stunning Visuals„ÄëThis military smartwatch features a 1.4-inch display with a high resolution of 360x360, delivering a smooth operation and a clearer, brighter, and more detailed visual experience. The package includes comprehensive instructions to help you operate the smartwatch with ease. Two strap options are available, with a standard strap width of 22mm.
„ÄêMultifunctional Communication„ÄëThis Android smartwatch is equipped with a 5.0 Bluetooth chip and a high-quality speaker, allowing you to directly answer and make calls, read messages, play music, store contact information, and view call records on the men's smartwatch. No need to frequently take out your phone; you won't miss any important information, and your hands will no longer be tied.
„ÄêLeading a Healthy Lifestyle„ÄëThis military men's smartwatch leads the trend of a healthy lifestyle, offering over 100 sports modes and detailed recording of essential data such as heart rate, calories, and step count, providing robust support for every activity. The men's smartwatch also continuously monitors heart rate, blood pressure, blood oxygen, and sleep, comprehensively focusing on your physical condition to help you maintain a healthy state.
„ÄêBroad Compatibility and Multifunction„ÄëThe smartwatch for men is compatible with most phones (Android 4.4 and higher versions, and iOS 8.0 or higher). It also offers functions such as weather forecasts, alarms, timers, and more for your convenience. Moreover, it provides a selection of over 100 watch faces, and you can even upload your favorite photos as a watch face, expressing your personality and fashion or sharing your precious memories with your loved ones.",https://www.amazon.com/sspa/click?ie=UTF8&spc=MTo4ODcwMDMzNTczOTM0MTA1OjE3MTMxOTAxMDQ6c3BfbXRmOjMwMDE0ODM1NDMzNzgwMjo6MDo6&url=%2FFOXBOX-Android-Military-Smartwatch-Waterproof%2Fdp%2FB0CMJ1M396%2Fref%3Dsr_1_17_sspa%3Fdib%3DeyJ2IjoiMSJ9.LcpaTMV58JaXiITBbVjuu33T_Evec5xHYZSRcn689tdTKTRj7bvUa-iDm7c-5JXAyXwOtiQuVaNWK9WAPp_m1H0cSS9u6uDw19av61x7w1aP4cI5ZsnTgFHbN5ayd5x-P2nbcTBSHrKL-71zs1WB6MXs_sp92SbRnFYeO2WnwfNLFImA2Py2Sf4Ds5qG0cXTZj1r9KHUxbcvrVtzRlY_8rrUjNuTSa1466HivkPDWd0.FIH4TgdZmP71cPSGslrbnOeGr_yHE0BLYhHgcKHVZM0%26dib_tag%3Dse%26keywords%3Dsmart-watches%26qid%3D1713190104%26sr%3D8-17-spons%26sp_csd%3Dd2lkZ2V0TmFtZT1zcF9tdGY%26psc%3D1
Amazon,"Smart Watch for Women Alexa Built-in, 1.95"" Fitness Tracker with Answer/Make Calls, IP68 Waterproof/Heart Rate/Sleep Tracker/100 Sport Modes, Fitness Watch Compatible Android iOS",$29.95,Deal is no longer available.,https://m.media-amazon.com/images/I/6105amhSy4L.__AC_SX300_SY300_QL70_ML2_.jpg,"[Alexa Built-in] Enjoy the convenience of Alexa on your wrist! With TOOBUR's smart watch, you can control your smart home devices, set reminders,get weather updates and more all from your wrist. Simply download the ""VeryFit"" app from the App Store, connect to your watch via Bluetooth, and enjoy the convenience of Alexa on your smartwatch.
[Stay connected on-the-go] Simplify your daily routine by managing your calls and messages in one place. With Bluetooth compatibility, the TOOBUR smartwatch allows you to make and receive phone calls, you can also receive social media, E-mail and SMS notification right on your wrist, you will never miss an important message or notification. keeping you connected while you're on-the-go.Please note that this product cannot reply to messages!
[Activity & FitnessTracker] Track your health and fitness goals with the TOOBUR fitness & activity tracker. The fitness watch can monitor your heart rate, and stress levels in real-time, and alert you if anything is abnormal. With over 100 different sports modes, the activity tracker allows you to easily track your steps, calories burned, distance, speed and with an IP68 waterproof, the watch is perfect for swimming and any activity. Get yours now and start tracking your progress!
[A Good Sleep is All You Need] Get a better night's sleep with TOOBUR's sleep tracker.The smartwatch monitors your sleep in three different modes - REM, light, and deep sleep. The data is sent to the ""VeryFit"" app, which provides you with insights and tips to improve your sleep quality. Use this feature to improve your overall sleep habits and wake up feeling refreshed.Please note that more than 3 hours of sleep is required to be recorded by the test. Long-term wear is recommended!
[Long Battery Life] Experience uninterrupted smart living with TOOBUR smartwatch's long battery life. With up to 30 days of standby time, 20 days in power saving mode, and 7-10 days of daily usage, you can wear your smartwatch without worrying about frequent charging. And it only takes 2.5 hours to fully charge, allowing you to spend more time enjoying the benefits of a watch and less time worrying about battery life.Please note that the exact duration of use will vary with the frequency of use.
[1.95'' HD Screen & Customizable Watch Face] Experience crystal-clear visuals like never before with our smartwatch's 1.95-inch high definition screen. Choose from 100 beautiful cloud-based watch faces or even upload your own photos, such as selfies or pictures of your pets, to create a truly personalized look. With endless possibilities, you'll never run out of options to make your watch truly your own.",https://www.amazon.com/sspa/click?ie=UTF8&spc=MTo4ODcwMDMzNTczOTM0MTA1OjE3MTMxOTAxMDQ6c3BfYXRmOjIwMDE3NTAxNjU1NDU5ODo6MDo6&url=%2FTOOBUR-Fitness-Tracker-Waterproof-Compatible%2Fdp%2FB0C4GN5QZ1%2Fref%3Dsr_1_1_sspa%3Fdib%3DeyJ2IjoiMSJ9.LcpaTMV58JaXiITBbVjuu33T_Evec5xHYZSRcn689tdTKTRj7bvUa-iDm7c-5JXAyXwOtiQuVaNWK9WAPp_m1H0cSS9u6uDw19av61x7w1aP4cI5ZsnTgFHbN5ayd5x-P2nbcTBSHrKL-71zs1WB6MXs_sp92SbRnFYeO2WnwfNLFImA2Py2Sf4Ds5qG0cXTZj1r9KHUxbcvrVtzRlY_8rrUjNuTSa1466HivkPDWd0.FIH4TgdZmP71cPSGslrbnOeGr_yHE0BLYhHgcKHVZM0%26dib_tag%3Dse%26keywords%3Dsmart-watches%26qid%3D1713190104%26sr%3D8-1-spons%26sp_csd%3Dd2lkZ2V0TmFtZT1zcF9hdGY%26psc%3D1
Amazon,"Smart Watch, Fitness Tracker SmartWatch for Android/iOS Phones, 1.69"" Full Touch Screen with Heart Rate Sleep, Step Counter, IP68 Waterproof Smart Watches for Man/Women",$18.99,$18.99,https://m.media-amazon.com/images/I/61c+OqsCQvL._AC_SY300_SX300_.jpg,"Heart Rate and Fitness Tracker: This mans womens watch includes more practical functions, Fitness Tracker watch (Pedometer, Calories, Distance), Heart Rate Monitor, Pressure Monitor, Sleep Monitor, Music & Camera Control, Weather Display, Sedentary Reminder, Alarm Clock, Stopwatch.
Call and Mesaages Notificatio: Smart watch for android phones will vibrate to remind you when your smartphone receives call notification, SMS and APP messages (WhatsAPP, Facebook, Messenger, Instagram) so you don't miss every message.
1.69 Inch Full Touch Screen: This smart watch for android compatible features a 1.69 inch TFT-LCD color display for outstanding HD quality. Zinc alloy case and silicone strap, make you more comfortable to wear. You can choose from140 + personalized watch faces, or set your favorite photo from your phone as a watch face.
24 Hours Health Monitoring: This smart watch for man women features real-time heart rate monitoring,pressure monitoring, exercise recording and sleep monitoring, accurately records all-day activities such as steps, calories burned a fitness watch to monitor your health at all times.
IP68 Waterproof: This activity trackers and smartwatche is designed with IP68 waterproof rating, so you can have no worries when washing your hands or swimming in the pool.At the same time, this fitness trackers for women man has 8 sports modes include walking, running. cycling, skipping, badminton, basketball, football, swimming.",https://www.amazon.com/sspa/click?ie=UTF8&spc=MTo4ODcwMDMzNTczOTM0MTA1OjE3MTMxOTAxMDQ6c3BfbXRmOjIwMDA5MDE5Njk3NzQ5ODo6MDo6&url=%2FChoiknbo-Fitness-Tracker-SmartWatch-Waterproof%2Fdp%2FB09Q5SSYFH%2Fref%3Dsr_1_12_sspa%3Fdib%3DeyJ2IjoiMSJ9.LcpaTMV58JaXiITBbVjuu33T_Evec5xHYZSRcn689tdTKTRj7bvUa-iDm7c-5JXAyXwOtiQuVaNWK9WAPp_m1H0cSS9u6uDw19av61x7w1aP4cI5ZsnTgFHbN5ayd5x-P2nbcTBSHrKL-71zs1WB6MXs_sp92SbRnFYeO2WnwfNLFImA2Py2Sf4Ds5qG0cXTZj1r9KHUxbcvrVtzRlY_8rrUjNuTSa1466HivkPDWd0.FIH4TgdZmP71cPSGslrbnOeGr_yHE0BLYhHgcKHVZM0%26dib_tag%3Dse%26keywords%3Dsmart-watches%26qid%3D1713190104%26sr%3D8-12-spons%26sp_csd%3Dd2lkZ2V0TmFtZT1zcF9tdGY%26psc%3D1
Amazon,"Smart Watch Answer/Make Calls, 1.85"" Aluminum Case Alexa Built-in Fitness Watch IP68 Waterproof/100 Sports Modes/Heart Rate for iOS/Android",$33.99,,https://m.media-amazon.com/images/I/71V4bHyiXbL.__AC_SX300_SY300_QL70_ML2_.jpg,"‚åö„ÄêALUMINUM CASE/HD COLOR DISPLAY TOUCH SCREEN„ÄëEnhance your active lifestyle with the KEEPONFIT smart watch, a top-of-the-line fitness tracker designed for adults and teens. This sleek 1.85-inch wearable technology with aluminum case features a full touchscreen display and 100+ customizable screen options. Flip your wrist to wake up the screen, adjust the brightness levels, and choose from a variety of watch faces to match your mood.
‚åö„Äê100+ SPORTS MODES FITNESS TRACKER„ÄëStay on top of your health goals with the fitness tracker watch, packed with features like heart rate monitoring, blood oxygen detection, breathing training and sleep tracking. The fitness smart watch can also accurately record your steps, calories and distance and detect your health status and real-time activity status. Supports 100+ sports modes, including walking, running, cycling, hiking, yoga and more. Gives you a detailed look at activities throughout the day.
‚åö„ÄêALEXA BUILT-IN MULTIFUNCTIONAL SMART WATCH„ÄëWith this Alexa built-in fitness smart watch, answer/make calls, receive message alerts, control music, set alarms, and even find your phone with just a few taps on the touch screen. It also has functions like menstrual cycle tracker, sedentary and drink water reminder, music control, remote control to take photos on your phone, check the weather, timer, stopwatch, flashlight, calendar, calculator, games and so on. Besides, it can be used to activate voice assistant like Siri, Google Assistant etc. Download the ""VeryFit"" app from the App Store/Google play, connect to your watch via Bluetooth, and enjoy the convenience of Alexa on your smartwatch.
‚åö„ÄêLARGE BATTERY CAPACITY & BATTERY LIFE„ÄëThe 300mAh large battery capacity and low power consumption design offers longer endurance. And the fitness watch can enable power saving mode as well. Within 2.5 hours fast charging, up to 7 days of daily usage (Varies depending on actual use and other factors). Compatible with iOS 9.0+ and Android 6.0+ smartphones. With support for multiple languages and a user-friendly interface, staying healthy has never been easier or more enjoyable.
‚åö„ÄêWATER RESISTANT & DUST PROOF„ÄëWith water resistance and dust-proof design, this smartwatch is perfect for outdoor adventures, making it a must-have for anyone looking to stay active and connected. One click to drain the water out of the activity tracker. Whether you're into fitness or fashion, this smartwatch is the perfect accessory for your everyday routine. If you have any problem or suggestion, please feel free to let us know and we will try our best to help you.
***NOTE: 1. This watch does NOT have the Blood Pressure Monitor feature. 2. The measurement results of the watch are For Reference Only, they CANNOT be taken as the basis for the medical diagnosis. 3. The watch is not suitable for use while diving, swimming in the sea, or in a sauna. It's suitable for use in swimming pools, showers (cold water) and shallows.",https://www.amazon.com/KEEPONFIT-Aluminum-Fitness-Waterproof-Android/dp/B0CS4TG3G3/ref=sr_1_19?dib=eyJ2IjoiMSJ9.LcpaTMV58JaXiITBbVjuu33T_Evec5xHYZSRcn689tdTKTRj7bvUa-iDm7c-5JXAyXwOtiQuVaNWK9WAPp_m1H0cSS9u6uDw19av61x7w1aP4cI5ZsnTgFHbN5ayd5x-P2nbcTBSHrKL-71zs1WB6MXs_sp92SbRnFYeO2WnwfNLFImA2Py2Sf4Ds5qG0cXTZj1r9KHUxbcvrVtzRlY_8rrUjNuTSa1466HivkPDWd0.FIH4TgdZmP71cPSGslrbnOeGr_yHE0BLYhHgcKHVZM0&dib_tag=se&keywords=smart-watches&qid=1713190104&sr=8-19
Amazon,Garmin Venu 3 Silver Stainless Steel Bezel 1.4-Inch AMOLED Touchscreen Display Smart Watch with 45mm Whitestone Case and Silicone Band,$449.99,,https://m.media-amazon.com/images/I/61qxUctPfLL.__AC_SX300_SY300_QL70_ML2_.jpg,"Housing Material: fiber-reinforced polymer
Strap Material: silicone
Face Material: Corning Gorilla Glass 3, stainless steel bezel
Movement: digital
Pedometer: yes",https://www.amazon.com/sspa/click?ie=UTF8&spc=MTo3MDc4ODU2MzM4ODU3MTA1OjE3MTMxOTAxMDQ6c3Bfc2VhcmNoX3RoZW1hdGljOjMwMDA0NDg4MDc1MTgwMjo6Mzo6&url=%2FGarmin-Stainless-1-4-Inch-Touchscreen-Whitestone%2Fdp%2FB0CDC6LH5W%2Fref%3Dsxin_16_pa_sp_search_thematic_sspa%3Fcontent-id%3Damzn1.sym.4dc3d3f0-ccc1-4471-85ca-232a9eff77d1%253Aamzn1.sym.4dc3d3f0-ccc1-4471-85ca-232a9eff77d1%26cv_ct_cx%3Dsmart-watches%26dib%3DeyJ2IjoiMSJ9.h8nquBhpvSheHn7bW4u2DTEmaHfjFKLxaPQLBFNa0nGRTLa1383d7SufT5j8rfeA5R-MKwtupKrO_eZhgZjJAA.w4Q6cK1DKiqYkEkzNvYljVl12ECvqCc4nhFRZ5wMguE%26dib_tag%3Dse%26keywords%3Dsmart-watches%26pd_rd_i%3DB0CDC6LH5W%26pd_rd_r%3D508a355f-e9f0-410c-b997-a720e8c725c9%26pd_rd_w%3DsRKcy%26pd_rd_wg%3DcoIS0%26pf_rd_p%3D4dc3d3f0-ccc1-4471-85ca-232a9eff77d1%26pf_rd_r%3DE925GP3P9NQBPN75N1CJ%26qid%3D1713190104%26sbo%3DRZvfv%252F%252FHxDF%252BO5021pAnSA%253D%253D%26sr%3D1-4-22b99f6c-9d79-4634-962b-718698cdc411-spons%26sp_csd%3Dd2lkZ2V0TmFtZT1zcF9zZWFyY2hfdGhlbWF0aWM%26psc%3D1
Amazon,"Iaret Smart Watch for Women(Call Receive/Dial), Fitness Tracker Waterproof Smartwatch for Android iOS Phones 1.7"" HD Full Touch Screen Digital Watches with Heart Rate Sleep Monitor Pedometer, Gold",$39.99,,https://m.media-amazon.com/images/I/81W2+y0K0uL._AC_SY300_SX300_.jpg,"CALL RECEIVING/DIALING: After connecting to Bluetooth, you can directly make calls and answer calls on your watch. Iaret smart watch with text and call supports quick communication, information reminder, social media notification( Facebook, WhatsApp, Instagram, Twitter, etc.). With all notifications displayed on your wrist and alerted by vibration, you can keep your phone in your pocket without missing any important calls or messages when you're out walking, exercising, or seeing friends.
SMART WATCHES FOR WOMEN: Ultra-thin metal frame with 1.7"" HD full touch color screen brings smooth touch and excellent visual experience. Dial store has 100+ free dials for you to choose from, you can also change your favorite picture as a watch face with one click. Comes with 3 bands, the rose gold stainless steel one is exquisite, while the pink and burgundy silicone bands are more casual, switch between elegant and sporty, ignite your passion for fashion!
ALL-ROUND HEALTH MONITORING: This smart watch can detect your 24/7 heart rate, blood pressure and blood oxygen to get a better understanding of your health (Not for medical use). The high-performance motion sensor monitors sleep status automatically and provides comprehensive sleep quality analysis (deep sleep, light sleep and awake). You can also use the Female Physiological Cycle, Drink Reminder and Sedentary Reminder features to help you make reasonable adjustment on your lifestyle.
ALL DAY ACTIVITY & FITNESS TRACKER: As a precision fitness watch, the activity trackers support 8 sports modes: walking, running, cycling, skipping, badminton, basketball, football, swimming. The fitness trackers for women accurately track all-day activities such as steps, distance, calories, exercise time and heart rate. And you can use the stopwatch tool to time your run. The best choice for fitness enthusiasts.
EVERYDAY FEATURES AT THE READY: iOS Android smart watch for women is equipped with a 230 mAh large capacity battery, only takes 2 hours to get fully charged and can be used for 3-7 days (Note: depends on individual usage). IP67 waterproof watch, so you don't have to take off while washing your hands, not suitable for diving, shower or sauna. More practical tools such as mobile music playback and photo control, weather display, find watch, timer, alarm clock, etc.",https://www.amazon.com/sspa/click?ie=UTF8&spc=MTo4ODcwMDMzNTczOTM0MTA1OjE3MTMxOTAxMDQ6c3BfYXRmOjIwMDA2OTcxNDA1MzE5ODo6MDo6&url=%2FIaret-Receive-Waterproof-Smartwatch-Pedometer%2Fdp%2FB0B499VHNZ%2Fref%3Dsr_1_2_sspa%3Fdib%3DeyJ2IjoiMSJ9.LcpaTMV58JaXiITBbVjuu33T_Evec5xHYZSRcn689tdTKTRj7bvUa-iDm7c-5JXAyXwOtiQuVaNWK9WAPp_m1H0cSS9u6uDw19av61x7w1aP4cI5ZsnTgFHbN5ayd5x-P2nbcTBSHrKL-71zs1WB6MXs_sp92SbRnFYeO2WnwfNLFImA2Py2Sf4Ds5qG0cXTZj1r9KHUxbcvrVtzRlY_8rrUjNuTSa1466HivkPDWd0.FIH4TgdZmP71cPSGslrbnOeGr_yHE0BLYhHgcKHVZM0%26dib_tag%3Dse%26keywords%3Dsmart-watches%26qid%3D1713190104%26sr%3D8-2-spons%26sp_csd%3Dd2lkZ2V0TmFtZT1zcF9hdGY%26psc%3D1
Amazon,"Smart Watch for Men Women, Fitness Tracker with Heart Rate Monitor, Blood Oxygen, Blood Pressure, Sleep Monitor, 50 Meters Waterproof Smartwatch with Pedometer for iOS and Android Phones",$19.99,,https://m.media-amazon.com/images/I/71ZaJaFHJPL.__AC_SX300_SY300_QL70_ML2_.jpg,"Multiple Sports Modes: The fitness watch has 9 exercise modes for daily workouts, such as walking, running, biking, swimming, etc.. It precisely records all-day activities, including your steps, distance, calories burned, and mileage. You can connect your smartphone GPS to your smart watch to track all your routes and distances during workout.
All-day Health Monitoring: This smartwatch can monitor your heart rate throughout the day, you can also use it to monitor your real-time blood oxygen and blood pressure saturation. Our smartwatch will automatically track your sleep, record light sleep, deep sleep, and awake time, helping you adjust your lifestyle and stay healthy.
50 Meters Waterproof & Long Battery Life: Our fitness smart watch are designed with 50 meters water resistance rating, so it won't be damaged even when exercising, washing hands and sweating.This watch has a built-in large battery capacity , which supports 7 days of normal use and 35 days standby time for only 2.5 hours charging
Smart Notification: You can receive message notifications and incoming call directly on your wrist, like Twitter, Instagram, Facebook, Email and more.It ensures that you will never miss any calls and messages during meetings, workout and riding.
More Practical Tools and Extensive Compatibility: The health tracker has many practical tools like alarm clock, music controller, stopwatch, sedentary reminder, adjustable brightness, find your phone, etc. to meet your daily use. Our smart watch for men women is compatible with most iOS 8.0 & Android 4.4 or higher smart phones (Not for PC or tablet).",https://www.amazon.com/LIVIKEY-Pressure-Waterproof-Smartwatch-Pedometer/dp/B0CRZ1V24B/ref=sr_1_14?dib=eyJ2IjoiMSJ9.LcpaTMV58JaXiITBbVjuu33T_Evec5xHYZSRcn689tdTKTRj7bvUa-iDm7c-5JXAyXwOtiQuVaNWK9WAPp_m1H0cSS9u6uDw19av61x7w1aP4cI5ZsnTgFHbN5ayd5x-P2nbcTBSHrKL-71zs1WB6MXs_sp92SbRnFYeO2WnwfNLFImA2Py2Sf4Ds5qG0cXTZj1r9KHUxbcvrVtzRlY_8rrUjNuTSa1466HivkPDWd0.FIH4TgdZmP71cPSGslrbnOeGr_yHE0BLYhHgcKHVZM0&dib_tag=se&keywords=smart-watches&qid=1713190104&sr=8-14
Amazon,"Military Smart Watch for Men 1.96 Inches Outdoor Sports Smartwatch with Answer/Make Call,Fitness Watch,Blood Oxygen,Heart Rate and Sleep Monitor Compatible with iPhone and Android Phones",$39.99,$39.99,https://m.media-amazon.com/images/I/71UJ2wDsRvL.__AC_SX300_SY300_QL70_ML2_.jpg,"„ÄêDurable Military-grade Construction„ÄëThe Smart Watch is made from a special aluminum alloy material, our Military Smart Watch for Men has undergone rigorous military-grade testing, including extreme temperature, low pressure, and dust resistance. This watch can withstand harsh environmental conditions, making it the perfect companion for outdoor adventures.
„ÄêConvenient Call and Message Functions„ÄëStay connected on the go with our Military Smart Watch for Men. With the ability to make and answer calls, you can stay connected wherever you go. The call and text capabilities allow you to stay in touch with friends, family, and colleagues at all times. It also seamlessly integrates with popular social media platforms such as Facebook, WhatsApp, and Twitter. Receive notifications directly on your wrist.
„ÄêComprehensive Health Monitoring„ÄëMonitor your heart rate, blood oxygen levels, and sleep patterns to achieve a holistic understanding of your overall health and well-being. Sedentary reminder, drinking water reminder functions and stress testing prompt you to remain active and stay hydrated throughout the day, maintaining your peak performance levels.
„ÄêMulti-Sport Modes and Fitness Tracking„ÄëWith its step, distance, and calorie burned tracking capabilities, this smart watch provides real-time data to help you monitor your daily exercise routine. Whether you're walking, running, playing basketball, football, cycling, rope skipping, or even mountain climbing, this smart watch has multiple sports modes to cater to your specific workout needs.
„ÄêVersatile Functions„ÄëThe smart watch equipped many other strong functions, such as Ai voice ,weather forecasts, alarm clocks, remote camera , music control, stop watch, find phone, customize your dial, raise hand to brighten the screen,calculator, not-disturb mode and so on. More joy of the watch is waiting for you to explore.
„ÄêWide Compatibility and Large Battery capacity„ÄëSmart watch is compatible with most iOS 8.0 and Android 4.4 and later smartphones. Our Military Smart Watch equipped with a large capacity battery, providing long-lasting power for extended outdoor adventures or busy days. Spend more time using your smartwatch and less time worrying about charging.",https://www.amazon.com/Hvlgmrc-Military-Outdoor-Smartwatch-Compatible/dp/B0CLVHF93K/ref=sr_1_10?dib=eyJ2IjoiMSJ9.LcpaTMV58JaXiITBbVjuu33T_Evec5xHYZSRcn689tdTKTRj7bvUa-iDm7c-5JXAyXwOtiQuVaNWK9WAPp_m1H0cSS9u6uDw19av61x7w1aP4cI5ZsnTgFHbN5ayd5x-P2nbcTBSHrKL-71zs1WB6MXs_sp92SbRnFYeO2WnwfNLFImA2Py2Sf4Ds5qG0cXTZj1r9KHUxbcvrVtzRlY_8rrUjNuTSa1466HivkPDWd0.FIH4TgdZmP71cPSGslrbnOeGr_yHE0BLYhHgcKHVZM0&dib_tag=se&keywords=smart-watches&qid=1713190104&sr=8-10
Amazon,"Smart Watch Men Women with Metal Bezel, Answer Make Call/Heart Rate/Step Counter/Sleep Tracker/100 Sports for Run/Smart Voice, IP68 Waterproof Swim, Fitness Sport Watch Compatible Android iOS",$49.99,$49.99,https://m.media-amazon.com/images/I/71nMmuqtTYL.__AC_SX300_SY300_QL70_ML2_.jpg,"Make Receive Calls & Receive Messages: You can get all your important notifications on your wrist in real-time, whether it's SMS, email, or social media. You can also make and receive calls without reaching for your phone. Our smart digital watch is android phones and iOS compatible. Note: you can't reply to messages through this smartwatch.
Alexa Buit-in: Alexa is ready to help throughout the day with weather updates, hands-free timers and reminders, and workouts record Just enjoy your smart life by simply downloading ""VeryFit"" for free from App Store or Google Play.
Health Monitoring & Fitness Tracking: The smart watch can monitor your heart rate, and stress levels in real-time, and alert you if anything is abnormal. With over 100 different sports modes, the fitness tracker allows you to easily track your steps, calories burned, distance, speed. With maximum waterproof rating(IP68), the watch is also perfect for swimming.
Sleep Monitoring: Get the inside scoop on your sleep with this activity tracker's detailed analysis of your sleep quality and duration in different stages(Awake, REM, Light sleep, Deep sleep). Exclusive suggestions are ready to help you sleep better!
Long Battery Life: One 2-hour charge, 30-day standby, 20-day use in powersaving mode, 7-day use in normal mode. More time enjoying the benefits of smartwatch and less time worrying about battery life.
Sporty Strap and Customized Watch Face: The gaps under the strap are more conducive to skin ventilation during sports. With plenty of gorgeous watch faces to choose from, as well as the ability to customize it by uploading your own photo, our smart watches for men women offers the ultimate in style and versatility.",https://www.amazon.com/sspa/click?ie=UTF8&spc=MTo3MDc4ODU2MzM4ODU3MTA1OjE3MTMxOTAxMDQ6c3Bfc2VhcmNoX3RoZW1hdGljOjMwMDE0OTYyNzMzNTYwMjo6NDo6&url=%2FTOOBUR-Counter-Tracker-Waterproof-Compatible%2Fdp%2FB0CSD36Y62%2Fref%3Dsxin_16_pa_sp_search_thematic_sspa%3Fcontent-id%3Damzn1.sym.4dc3d3f0-ccc1-4471-85ca-232a9eff77d1%253Aamzn1.sym.4dc3d3f0-ccc1-4471-85ca-232a9eff77d1%26cv_ct_cx%3Dsmart-watches%26dib%3DeyJ2IjoiMSJ9.h8nquBhpvSheHn7bW4u2DTEmaHfjFKLxaPQLBFNa0nGRTLa1383d7SufT5j8rfeA5R-MKwtupKrO_eZhgZjJAA.w4Q6cK1DKiqYkEkzNvYljVl12ECvqCc4nhFRZ5wMguE%26dib_tag%3Dse%26keywords%3Dsmart-watches%26pd_rd_i%3DB0CSD36Y62%26pd_rd_r%3D508a355f-e9f0-410c-b997-a720e8c725c9%26pd_rd_w%3DsRKcy%26pd_rd_wg%3DcoIS0%26pf_rd_p%3D4dc3d3f0-ccc1-4471-85ca-232a9eff77d1%26pf_rd_r%3DE925GP3P9NQBPN75N1CJ%26qid%3D1713190104%26sbo%3DRZvfv%252F%252FHxDF%252BO5021pAnSA%253D%253D%26sr%3D1-5-22b99f6c-9d79-4634-962b-718698cdc411-spons%26sp_csd%3Dd2lkZ2V0TmFtZT1zcF9zZWFyY2hfdGhlbWF0aWM%26psc%3D1
Amazon,"Smart Watch for Women Men Answer/Make Calls/Quick Text Reply/AI Voice Control, Smartwatch for Android Phones iPhone Samsung Compatible IP68 Fitness Tracker Heart Rate Blood Oxygen Sleep Monitor",$39.99,$39.99,https://m.media-amazon.com/images/I/715VhZp5M0L.__AC_SX300_SY300_QL70_ML2_.jpg,"CLEAR and STABLE VOICE CALLS - Smart noise cancellation algorithms eliminate background noise, so your smartwatch lets you hear exactly what you're saying during a call. Bluetooth v5.3 Call Chip enables ultra-seamless connectivity on your smartwatch, ensuring a single, smooth connection, reducing battery consumption, and providing greater connectivity range.
Quick Text Reply& Smart Notification - When you receive a message, incoming call, or notification, the smartwatch will notify you by vibrating to ensure you don't miss important reminders. And the smart watch for Android phones can send preset quick replies to received calls and SMS messages.
AI INTELLIGENCE ASSISTANT and MUSIC PLAYER- Talking to an AI voice assistant can help you quickly turn on voice navigation. There are also lifestyle features such as making calls, broadcasting weather forecasts, setting alarms and games. The smartwatch not only controls the music on your smartphone, but also allows you to play music on your watch.
100+ Sports Modes & Fitness Tracker - The sports watch is equipped with multiple exercise modes including walking, running, cycling, swimming, yoga, football, cricket, strength training, and more! The activity tracker records your steps, distance, calories, heart rate, and other activity data to make informed decisions for a healthier lifestyle.
OYV QUALITY SERVICE - Enjoy 12-month warranty, support replacement or refund, ensure your purchase with confidence. This is the perfect gift for your friends and family to help them stay motivated. Your satisfaction is our goal. If you have any questions, please feel free to contact us.",https://www.amazon.com/Control-Smartwatch-Android-Samsung-Compatible/dp/B0CS5VBPHH/ref=sr_1_21?dib=eyJ2IjoiMSJ9.LcpaTMV58JaXiITBbVjuu33T_Evec5xHYZSRcn689tdTKTRj7bvUa-iDm7c-5JXAyXwOtiQuVaNWK9WAPp_m1H0cSS9u6uDw19av61x7w1aP4cI5ZsnTgFHbN5ayd5x-P2nbcTBSHrKL-71zs1WB6MXs_sp92SbRnFYeO2WnwfNLFImA2Py2Sf4Ds5qG0cXTZj1r9KHUxbcvrVtzRlY_8rrUjNuTSa1466HivkPDWd0.FIH4TgdZmP71cPSGslrbnOeGr_yHE0BLYhHgcKHVZM0&dib_tag=se&keywords=smart-watches&qid=1713190104&sr=8-21
